Year,Total_Cases,Countries_Reporting,Mean_Cases,Year_Change,Percent_Change
2000,16700000,14,1192857.142857143,NA,NA
2005,17820000,14,1272857.142857143,1120000,6.706586826347305
2010,19440000,14,1388571.4285714286,1620000,9.090909090909092
2015,21510000,14,1536428.5714285714,2070000,10.648148148148149
2020,22960000,14,1640000,1450000,6.741050674105067
2021,23190000,14,1656428.5714285714,230000,1.0017421602787455
2022,23290000,14,1663571.4285714286,100000,0.4312203536006899
2023,23410000,14,1672142.857142857,120000,0.51524259338772
