Country,Under5_Latest,Neonatal_Latest,Neonatal_Proportion,Performance_Category
Somalia,142.8674827,36.14502714,25.2996878344242,High Mortality
South Sudan,98.72844182,40.33408989,40.85356675995801,High Mortality
Democratic Republic of the Congo,75.73335085,25.92232082,34.228408658878195,Medium Mortality
Burundi,50.83672339,20.05814419,39.456013000919725,Medium Mortality
Kenya,41.09156134,21.83573274,53.13921405742331,Medium Mortality
Rwanda,40.82239841,18.32480415,44.88909241920261,Medium Mortality
Uganda,40.49328188,18.35142776,45.31968491559569,Low Mortality
United Republic of Tanzania,40.4821644,21.09529866,52.11010570373554,Low Mortality
